{
  "MAE": 0.2839098605601898,
  "RMSE": 0.45485828969402137,
  "SMAPE%": 86.64324747253896,
  "PoissonDeviance": 0.5271334938835043
}