{
  "MAE": 0.2918279625148635,
  "RMSE": 0.4687726397995079,
  "SMAPE%": 86.59430158728495,
  "PoissonDeviance": 0.5438872434487196
}